id,group,quest_timing,fps_wk_hr,total_wk_hr,roleplay_wk_hr,strategy_wk_hr,years_play,gaming_ability_connection,media_reports,choice_famil_RT,choice_famil_correct_sum,simon_famil_RT,simon_famil_correct_sum,alt_famil_RT,alt_famil_correct_sum,digit_famil_correct_sum,digit_famil_max,choice_1_RT,choice_2_RT,choice_1_correct,choice_2_correct,choice_mean_RT,choice_total_correct,simon_1_RT,simon_2_RT,simon_1_correct,simon_2_correct,simon_mean_RT,simon_total_correct,alt_1_RT,alt_2_RT,alt_1_correct,alt_2_correct,alt_mean_RT,alt_total_correct,digit_1_correct,digit_2_correct,digit_1_max,digit_2_max,average_digit_max
1,1,1,2,3,3,3,5,7,2,370.375,8,680.25,8,583.5,2,4,4,314.708333333333,340.75,24,24,327.729166666667,48,409.375,451.541666666667,19,21,430.458333333333,40,1070.29166666667,829.833333333333,21,21,950.0625,42,4,7,5,9,7
2,1,1,6,6,6,2,5,10,2,378.616249989136,8,511.770624980272,8,4334.35562500381,5,4,4,300.887916663972,273.56458332603,24,24,287.226249995001,48,420.229374988897,448.789791662421,24,24,434.509583325659,48,1323.92020833746,830.400416671182,23,22,1077.16031250432,45,7,5,7,7,7
3,1,1,2,6,6,3,5,10,2,477.071249995788,8,553.485000011278,8,1325.45875000505,8,4,4,430.722708331208,380.543124990557,24,24,405.632916660882,48,478.277291673294,508.803750000273,24,24,493.540520836784,48,847.335625003325,950.886875002955,24,23,899.11125000314,47,4,6,5,8,6.5
4,1,1,1,6,5,4,5,8,1,407.648124994012,8,470.38187502767,7,1311.9137500762,8,4,4,325.785000003331,341.751250001835,23,23,333.768125002583,46,438.865208338636,456.146041707446,20,24,447.505625023041,44,843.844166685206,878.53041664736,23,24,861.187291666283,47,8,8,10,10,10
5,1,1,3,4,1,1,5,10,2,349.5,8,705,8,1772.125,7,4,4,378.416666666667,339.5,23,24,358.958333333333,47,514.916666666667,534,22,23,524.458333333333,45,1072.625,1077.45833333333,24,23,1075.04166666667,47,6,2,4,4,4
6,1,1,4,6,1,1,5,9,1,513.056874999165,8,475.274375006848,8,2048.27249999653,8,4,4,412.207500000174,365.051875001276,24,24,388.629687500725,48,458.671041669732,451.083958336919,24,24,454.877500003325,48,1204.49124999989,1162.75312500147,24,23,1183.62218750068,47,7,6,9,7,8
7,1,1,2,6,1,1,5,8,2,359.527499989781,8,716.981875004422,8,1982.80812500161,7,4,4,275.917500007684,288.447499997953,24,24,282.182500002818,48,580.096249997344,672.717041666834,20,23,626.406645832089,43,1238.01104165614,917.112083336785,23,23,1077.56156249646,46,4,5,5,7,6
8,1,1,1,6,3,5,5,2,2,788.635999990147,6,671.851874983986,8,1792.4606250308,8,4,4,434.530624993689,362.812708316293,24,24,398.671666654991,48,508.82520833693,506.392499994642,24,23,507.608854165786,47,986.805416663022,877.356874984495,22,24,932.081145823759,46,5,4,5,6,5.5
9,1,1,2,6,3,5,5,9,1,293.014374999871,8,387.232499999868,7,994.060624999861,8,4,4,294.532291666618,245.049375000123,24,24,269.79083333337,48,351.717083333328,376.217916666631,23,24,363.967499999979,47,724.884791666796,768.34083333343,24,21,746.612812500113,45,8,8,7,6,6.5
10,1,1,2,6,6,3,5,10,1,455.149999999776,8,507.996874999662,7,1094.9412500031,7,4,4,400.61000000181,395.730624999487,24,24,398.170312500649,48,466.111666664801,428.003541665627,24,22,447.057604165214,46,757.470208331142,720.395625002008,23,23,738.932916666575,46,8,7,5,7,6
11,1,1,3,5,2,2,5,8,1,497.5,8,564.875,7,1535.375,7,4,4,520.208333333333,372.75,24,24,446.479166666667,48,615.708333333333,519.708333333333,23,23,567.708333333333,46,1080.125,1077.20833333333,22,24,1078.66666666667,46,9,9,11,11,11
12,1,1,4,6,4,1,5,10,1,479.514374994324,7,489.738750016841,8,1069.13312500546,6,4,4,527.375208329062,316.916250005306,22,24,422.145729167184,46,438.868124993557,547.408541664481,23,22,493.138333329019,45,1314.37333333209,1120.46062499091,16,19,1217.4169791615,35,8,8,4,5,4.5
13,1,1,1,5,2,5,5,10,2,292.568750155624,8,412.558750074822,7,1370.6562500447,7,3,0,335.884791643669,285.608333341467,24,24,310.746562492568,48,425.123125004272,418.188750025972,23,24,421.655937515122,47,894.243958347943,839.749166664357,23,21,866.99656250615,44,4,3,6,5,5.5
14,1,1,3,6,1,3,5,10,2,293.125,8,535.25,8,1138.75,7,4,4,280.916666666667,266.208333333333,24,23,273.5625,47,484.291666666667,503.416666666667,23,22,493.854166666667,45,1050.83333333333,980.333333333333,23,23,1015.58333333333,46,6,5,8,7,7.5
15,1,1,2,6,4,6,5,8,2,537.719374999937,8,573.328749999973,8,1845.00437500003,6,4,4,461.068749999868,496.814583333276,24,24,478.941666666572,48,425.813541666617,406.28854166653,24,23,416.051041666574,47,1347.88499999998,979.861249999925,23,23,1163.87312499995,46,8,9,10,11,10.5
16,1,1,1,4,1,3,5,9,1,1103.485,4,518.875,7,1090.625,5,4,4,376.541666666667,386.5,24,24,381.520833333333,48,592.125,565.625,22,23,578.875,45,1361.875,968.25,22,22,1165.0625,44,5,6,6,6,6
17,1,1,3,6,6,1,5,10,1,650.5,8,581.25,8,2045.625,8,4,4,463.375,317.458333333333,24,24,390.416666666667,48,548.661666666667,503,20,20,525.830833333333,40,1197.375,1104.83333333333,22,22,1151.10416666667,44,8,9,4,11,7.5
18,1,1,4,6,1,2,5,10,1,380.121249982039,8,654.781875025947,8,1296.53749997669,5,4,4,407.054041657653,366.680833341282,22,24,386.867437499468,46,603.671041671381,605.714374983412,23,21,604.692708327396,44,931.550624988934,602.734166677692,9,14,767.142395833313,23,5,7,7,6,6.5
19,1,1,3,4,1,2,5,9,1,423.786250001285,8,483.33687500417,7,1094.40812499452,8,4,4,374.954583331904,316.121458334237,23,24,345.53802083307,47,419.395416667006,454.579374997896,22,22,436.987395832451,44,737.651041664018,815.095416665523,22,22,776.373229164771,44,4,4,6,6,6
20,1,1,6,6,2,6,5,2,1,330.053750018124,8,635.323124995921,7,1376.32124999072,5,4,4,302.326250016146,292.361041661934,24,22,297.34364583904,46,504.379583328652,461.717708337043,22,23,483.048645832848,45,1165.83187501722,1005.28166667694,17,22,1085.55677084708,39,4,3,6,5,5.5
21,1,1,3,6,1,4,5,6,1,459.735625005123,8,541.171249999024,8,1244.54374999914,6,4,4,391.827083332222,338.657291663064,24,24,365.242187497643,48,470.018333334641,487.071250005101,22,22,478.544791669871,44,1039.18937500445,913.461874998272,16,18,976.325625001361,34,7,6,8,8,8
22,1,1,1,2,4,2,4,7,1,474.276875029318,8,555.219374989974,7,1753.91374998435,5,4,4,395.526874999632,365.173749999182,24,24,380.350312499407,48,471.393958340438,481.429791669749,21,23,476.411875005094,44,774.405625008512,662.55916665735,24,22,718.482395832931,46,6,5,6,5,5.5
23,1,1,6,4,2,2,5,8,1,500.130625000111,8,616.787500000328,8,1305.89750000013,7,4,4,424.252375000186,344.021041666793,23,24,384.13670833349,47,598.667083333415,657.05291666662,21,22,627.860000000017,43,895.856458333356,818.902083333493,21,20,857.379270833424,41,4,6,6,8,7
24,1,1,1,6,1,1,5,7,1,387,8,492.5,7,1597.75,8,4,4,385.708333333333,327.333333333333,24,24,356.520833333333,48,504.375,474.208333333333,23,24,489.291666666667,47,845.416666666667,876.583333333333,24,24,861,48,6,8,6,7,6.5
25,1,1,1,6,5,1,5,10,2,390.66437499423,8,413.203125004657,7,1203.66812500288,4,4,4,350.559166659271,319.1666666656,24,24,334.862916662435,48,431.753541665482,421.084791664422,22,23,426.419166664952,45,1123.10854166814,806.933541665785,23,24,965.021041666963,47,8,9,9,11,10
26,1,1,2,4,1,2,5,8,2,394.925625000042,8,505.457499999976,8,920.024374999912,6,4,4,349.787291666607,340.913958333357,24,24,345.350624999982,48,450.715625000005,465.410416666695,24,22,458.06302083335,46,958.652083333333,1075.76208333332,16,20,1017.20708333333,36,6,5,7,7,7
27,1,1,1,5,1,1,5,8,2,413.083125000412,7,448.497500005033,7,852.07249999803,7,4,4,381.63854166487,342.02500000174,24,24,361.831770833305,48,449.481249999129,429.531041669785,20,22,439.506145834457,42,822.370208334178,835.782291665964,23,22,829.076250000071,45,4,3,3,5,4
28,1,1,6,6,6,6,5,8,1,352.602500017383,8,585.013750009239,7,1132.8793749999,5,4,4,473.278541651477,656.845500011781,23,23,565.062020831629,46,555.748333339579,570.211458349756,24,23,562.979895844668,47,1325.30770834031,996.063749984993,16,21,1160.68572916265,37,9,7,11,8,9.5
29,1,1,1,5,1,2,5,5,1,328.262500013807,8,560.815624994575,7,2105.26187498181,8,4,4,334.555624989055,357.54979167056,24,24,346.052708329808,48,501.089166665527,514.153750002151,22,22,507.621458333839,44,1009.95541666149,826.88187500753,23,21,918.418645834512,44,5,5,7,7,7
30,1,1,1,5,3,3,5,10,1,370.142500002657,8,607.895000000264,1,1287.94187500171,6,4,4,256.70604166559,262.111666665684,23,24,259.408854165637,47,524.71729166579,410.910416666108,24,22,467.813854165949,46,1044.96666666788,1166.9152083335,21,22,1105.94093750069,43,4,5,4,7,5.5
31,1,1,1,4,1,1,5,7,2,408.263124991208,8,487.404375016922,7,981.39749999973,8,4,4,414.496249994651,401.461875017655,24,24,407.979062506153,48,557.269583359206,467.184166695612,23,23,512.226875027409,46,937.349166672599,1017.75312500346,23,20,977.55114583803,43,4,6,3,8,5.5
32,1,1,4,6,1,6,5,6,2,453.705624997383,8,470.708750013728,8,1104.53000001144,6,4,4,374.483333299092,336.159583346065,24,24,355.321458322578,48,506.345416681143,451.23062498169,24,24,478.788020831416,48,869.6839583572,892.892291643269,23,21,881.288125000234,44,5,7,4,4,4
33,1,1,6,6,2,1,5,10,1,574.827499993262,8,758.189999985916,8,1783.45249999256,8,4,4,557.712291670517,478.517708329794,24,24,518.115000000156,48,539.330833332012,568.85145833318,24,24,554.091145832596,48,1119.7233333393,989.99750000318,22,20,1054.86041667124,42,9,9,11,11,11
34,1,1,3,4,1,2,5,8,2,455.055625017849,8,563.351250020787,8,1307.22375000187,8,4,4,365.662499995475,361.753333330853,24,24,363.707916663164,48,571.900000004702,496.261666688952,23,22,534.080833346827,45,670.506458326903,831.692291671061,24,23,751.099374998982,47,8,8,10,6,8
35,1,1,6,6,2,6,5,7,2,384.375,8,527.75,8,1169.125,6,4,4,362.333333333333,324.166666666667,24,24,343.25,48,473.375,444.75,23,22,459.0625,45,913.375,875.375,23,22,894.375,45,6,5,7,7,7
36,1,1,7,3,7,7,2,7,2,453.096874989569,8,570.868124981644,8,3004.28125000326,6,3,0,345.36666663674,331.226875006299,24,24,338.29677082152,48,549.364583343656,529.998749989318,22,23,539.681666666487,45,1991.08854166116,1178.45749999591,21,23,1584.77302082853,44,6,6,8,8,8
37,1,1,1,6,4,3,5,8,1,310.256875003688,8,464.321250008652,8,1368.64062494715,8,4,4,393.758750025881,368.6464583346,24,24,381.202604180241,48,515.988750004908,463.397500017891,24,24,489.693125011399,48,892.19583334246,725.436041655485,24,23,808.815937498972,47,4,3,6,4,5
38,1,1,3,4,2,2,5,8,2,554.477500000076,8,623.739125000182,7,1728.9075000001,7,4,4,455.413333333506,394.892916666701,23,24,425.153125000103,47,480.433958333075,473.05812500008,24,23,476.746041666577,47,1043.5937499999,956.35229166669,22,22,999.973020833295,44,5,7,6,7,6.5
39,1,1,2,3,1,3,5,8,1,535.361875001399,8,463.532499998109,6,1062.05937499908,7,4,4,496.069583331822,410.851458331308,24,24,453.460520831565,48,479.942083333299,490.104375000859,24,23,485.023229167079,47,779.722916668713,666.894166666073,22,21,723.308541667393,43,4,5,6,6,6
40,1,2,5,6,2,1,5,8,1,407.019374979427,8,634.569375019055,6,1601.31500003627,7,4,4,449.25145834956,431.432916646979,24,24,440.342187498269,48,575.868541694945,512.288958387217,24,23,544.078750041081,47,1505.87520834718,1176.74479160147,19,21,1341.30999997433,40,8,9,6,11,8.5
41,1,2,4,6,1,1,5,8,1,514.296875000014,8,636.749374999853,8,1110.515625,7,4,4,413.056666666649,369.005416666712,23,23,391.03104166668,46,544.349625000022,647.438000000035,20,21,595.893812500028,41,943.446041666657,995.950625000035,23,23,969.698333333346,46,7,9,4,11,7.5
42,1,2,2,6,4,1,5,7,1,669.450625000082,8,707.72062499998,8,1736.06562500015,7,4,4,473.926249999977,346.46041666671,24,24,410.193333333343,48,511.370625000041,398.128958333283,24,24,454.749791666662,48,2200.0908333334,1552.11479166663,18,24,1876.10281250001,42,6,7,8,9,8.5
43,1,2,2,2,2,2,5,10,1,423.584374995698,8,547.018749999552,8,1086.68812500036,8,3,0,324.494166663499,264.720416660566,22,24,294.607291662032,46,427.748750000319,390.97000000038,21,21,409.359375000349,42,788.753333331746,606.111666664219,20,16,697.432499997982,36,9,9,11,11,11
44,1,2,5,6,2,1,5,7,1,306.162499999573,8,465.833749999547,8,1171.84124999994,7,4,4,298.407083333586,274.59395833345,24,22,286.500520833518,46,428.823749999841,530.388333333121,24,23,479.606041666481,47,1057.96458333286,777.598750000228,21,22,917.781666666542,43,5,4,7,5,6
45,1,2,4,6,1,2,5,10,2,409.80187500827,8,537.252749981956,4,1329.17937501043,5,2,0,353.19249999399,404.185916671527,24,22,378.689208332758,46,429.567708337951,546.986874993308,19,16,488.27729166563,35,758.810208314875,160.315625010602,13,13,459.562916662738,26,6,5,6,6,6
46,1,2,3,6,4,6,5,10,1,393.25,8,479.875,8,1328.5,6,4,4,412.875,342.666666666667,24,24,377.770833333333,48,447.5,424.25,24,24,435.875,48,1156.625,853.5,21,23,1005.0625,44,5,3,7,5,6
47,1,2,1,3,3,1,5,7,2,640.32625004123,7,576.701874932041,8,1159.03124999022,7,3,1,391.784791669731,418.080000032205,24,24,404.932395850968,48,509.669583310218,515.400000032969,24,23,512.534791671593,47,812.764791665055,843.517916684505,24,21,828.14135417478,45,7,7,8,7,7.5
48,1,2,5,6,1,2,5,8,2,448.305625000216,8,633.061250000196,7,1110.85249999996,5,3,0,322.767499999903,433.714374999986,24,24,378.240937499944,48,602.00833333325,480.031874999932,22,22,541.020104166591,44,988.224791666538,978.102083333359,21,22,983.163437499948,43,3,6,4,4,4
49,1,2,2,6,1,1,5,5,2,395.038124988787,8,770.894999965094,7,1972.86499998881,7,3,2,357.703541657732,327.154791661693,24,24,342.429166659713,48,677.429166670966,714.368958346313,24,24,695.89906250864,48,1390.82458330086,1290.57125000206,23,22,1340.69791665146,45,3,4,4,5,4.5
50,1,2,2,2,2,2,5,8,1,320.988749968819,8,490.135624975665,8,1104.77562499,7,4,4,286.816458314812,302.181875003347,24,23,294.49916665908,47,457.678333341998,463.943541670839,24,22,460.810937506418,46,930.565208342159,932.249791697056,22,21,931.407500019608,43,6,4,6,6,6
51,1,2,2,6,6,1,5,9,1,581.238124999952,7,450.75374999999,8,1141.29124999999,8,3,4,337.116250000046,318.236249999889,23,24,327.676249999968,47,491.846666666485,492.161041666615,23,22,492.00385416655,45,945.31208333342,931.189583333321,23,23,938.25083333337,46,7,5,9,7,8
52,1,2,3,6,4,1,5,8,2,413.593749992288,8,629.733124995255,7,1674.90874999203,7,4,4,378.474791670063,324.405416668014,24,24,351.440104169039,48,564.065416666078,494.447708336035,24,23,529.256562501056,47,1083.17020833177,1001.22979167039,20,21,1042.20000000108,41,8,8,10,10,10
53,1,2,3,5,1,1,5,7,2,358.196249988396,8,596.254374991986,8,1007.57562500075,7,4,4,301.981458324008,271.408958346001,24,24,286.695208335004,48,447.333541655098,438.272916687614,24,24,442.803229171356,48,905.632916697262,702.474166653701,24,24,804.053541675482,48,3,5,4,7,5.5
54,1,2,2,6,1,6,5,8,1,324.826249998296,8,440.748749941122,8,1089.08249999513,8,4,4,349.825208317877,296.836666665816,24,24,323.330937491846,48,426.149166645094,411.628541672447,24,23,418.888854158771,47,810.439583321568,844.306666665943,23,22,827.373124993756,45,6,3,8,0,4
55,1,2,1,6,1,1,5,8,2,322.744375003822,8,659.173124993686,7,2200.00187499682,8,4,4,472.296250003031,453.196666665463,24,24,462.746458334247,48,522.078749996581,517.949999996442,23,24,520.014374996511,47,1408.00187500402,1149.63874999861,19,23,1278.82031250131,42,4,3,6,4,5
56,1,2,1,2,1,2,5,8,2,426,8,607.625,8,4602.625,5,4,4,379.375,316.208333333333,24,24,347.791666666667,48,491.958333333333,460.75,23,24,476.354166666667,47,874.333333333333,904.666666666667,24,24,889.5,48,5,4,6,6,6
57,1,2,2,6,4,2,5,8,2,567.75,8,662,8,1417.25,8,3,0,360.25,361,24,24,360.625,48,530.25,471.583333333333,24,23,500.916666666667,47,950.875,1013.375,23,22,982.125,45,4,3,6,5,5.5
58,1,2,3,6,4,4,5,8,1,441.195624999978,8,552.101250000078,8,905.073750000042,7,3,4,257.212083333419,249.449166666713,24,24,253.330625000066,48,507.032291666709,450.355416666753,24,24,478.693854166731,48,858.612916666592,901.896458333302,19,20,880.254687499947,39,3,2,4,4,4
59,1,2,3,6,4,2,5,10,1,390.125,8,526,7,1286.625,3,4,4,435.458333333333,432.291666666667,24,24,433.875,48,587.166666666667,570,21,22,578.583333333333,43,951.833333333333,951.916666666667,22,21,951.875,43,8,9,8,11,9.5
60,1,2,1,6,1,6,5,8,1,331,8,457.375,7,1444.5,8,4,4,313.625,289.375,24,24,301.5,48,468.291666666667,456.083333333333,22,23,462.1875,45,869.625,858.083333333333,23,24,863.854166666667,47,7,8,7,6,6.5
61,1,2,4,6,3,2,5,9,1,451.506874989718,8,413.623750006082,7,1129.65187500231,6,4,4,286.561041672636,312.751874987346,24,24,299.656458329991,48,438.452291700135,500.110625017745,21,23,469.28145835894,44,823.290208325489,741.152499986735,24,24,782.221354156112,48,7,8,6,10,8
62,1,2,3,6,4,2,5,10,1,380.125,8,440.625,5,1081,5,3,0,454.291666666667,359.958333333333,24,23,407.125,47,408.583333333333,443.125,18,18,425.854166666667,36,1678.04166666667,1497.16666666667,19,23,1587.60416666667,42,4,8,4,4,4
63,1,2,3,6,6,5,5,4,1,539.659999999998,8,714.365000000016,7,5217.66187500003,8,3,0,371.635833333338,377.925625000018,24,24,374.780729166678,48,594.21979166665,555.332749999995,24,23,574.776270833322,47,1446.32604166666,1364.61479166666,23,21,1405.47041666666,44,7,7,6,0,3
64,1,2,3,6,3,2,5,10,1,338.104375000285,8,439.039999999977,6,1061.90375000074,8,4,4,282.544791666699,259.26708333327,24,24,270.905937499985,48,490.134791666757,400.030416666747,24,22,445.082604166752,46,612.483958333314,586.330625000073,24,22,599.407291666694,46,4,4,6,6,6
65,1,2,2,6,1,1,5,6,2,388.42125000002,8,425.438749999955,8,965.438750000004,3,4,4,324.594791666735,298.038958333337,23,22,311.316875000036,45,462.841250000035,471.926666666698,22,21,467.383958333367,43,205.957708333376,1061.54916666668,8,23,633.753437500028,31,7,5,9,6,7.5
66,1,2,4,5,2,1,5,10,1,465.25,8,697.625,8,2880.375,7,3,4,362.916666666667,367.75,24,24,365.333333333333,48,548.666666666667,481.666666666667,23,24,515.166666666667,47,1503.375,1173.20833333333,22,23,1338.29166666667,45,9,8,11,9,10
67,1,2,1,5,1,5,5,8,2,402.983749998384,8,625.578124992899,8,4554.57312499493,4,3,3,337.779375009025,371.684583338113,24,24,354.731979173569,48,549.634166665783,503.546666671658,23,23,526.59041666872,46,1074.6725000087,953.788541669686,24,24,1014.23052083919,48,6,4,6,4,5
68,1,2,1,6,6,1,5,8,2,458.826250003767,8,616.671249998035,8,1464.73437499662,7,4,4,412.923333329672,332.132499997291,24,24,372.527916663482,48,437.375208331408,415.934791667193,23,20,426.6549999993,43,840.386458330613,1271.55250000214,24,20,1055.96947916638,44,8,6,10,7,8.5
69,1,2,2,2,1,1,4,8,1,455.975625016436,8,629.363124993688,8,1710.29562500917,8,4,4,370.977499995206,338.581666675357,24,24,354.779583335282,48,569.81437500023,475.901875004638,24,23,522.858125002434,47,1180.54895832514,929.705624997344,23,23,1055.12729166124,46,8,7,10,9,9.5
70,1,2,2,3,2,1,5,7,1,351.433749999957,8,519.471875000078,8,960.086874999948,7,4,4,353.008541666706,316.432916666752,24,23,334.720729166729,47,469.840833333308,486.014791666642,24,23,477.927812499975,47,1131.29916666661,1009.82645833337,21,16,1070.56281249999,37,4,4,6,4,5
71,1,2,6,6,6,6,5,10,1,513.926875000039,8,866.452249999977,7,1731.11562499992,7,4,4,444.767499999974,424.271666666677,24,24,434.519583333325,48,552.602708333363,563.725625000151,24,24,558.164166666757,48,953.773750000058,846.365625000014,21,23,900.069687500036,44,4,3,6,4,5
72,1,2,3,4,1,3,5,8,2,413.914374978049,8,428.788750054082,8,1401.56562504126,5,3,1,346.853125025518,299.734791614659,24,24,323.293958320088,48,412.831250025192,381.989375028449,21,22,397.410312526821,43,1211.0166666874,862.492916698102,21,21,1036.75479169275,42,7,8,6,6,6
73,1,2,4,6,6,4,5,8,1,496.094999996785,8,688.50250000105,7,1450.41687499906,5,4,4,426.053541668201,445.33562500025,24,24,435.694583334225,48,730.471666668077,653.634166665749,21,22,692.052916666913,43,934.727708331896,967.028958336111,24,20,950.878333334003,44,4,5,6,7,6.5
74,1,2,4,6,3,2,5,10,1,968.552875022352,3,412.565000005998,8,1419.11562503083,5,4,4,407.283124979585,310.334999997091,24,23,358.809062488338,47,960.975124999268,530.686833360721,9,20,745.830979179994,29,1123.79500002135,1022.8204166245,18,15,1073.30770832292,33,8,8,7,8,7.5
75,1,2,4,6,2,4,5,10,1,477.021874990896,8,590.51937500044,8,2002.00374999986,7,4,4,332.144166663056,313.056458334662,24,24,322.600312498859,48,464.648749999293,427.522291667022,20,22,446.085520833158,42,864.615416669646,718.543958329974,24,24,791.57968749981,48,5,5,7,7,7
76,1,2,1,6,4,4,5,7,2,376.661250000325,8,531.078124999795,8,1526.9724999996,8,3,4,398.315208332936,312.955208333203,24,24,355.635208333069,48,484.561666666726,499.273124999794,24,22,491.91739583326,46,912.714791666682,760.27604166696,23,24,836.495416666821,47,8,7,7,6,6.5
77,1,2,1,5,6,2,5,7,2,624.682624986477,7,481.261874985648,8,1531.29562496906,8,4,4,402.109333339393,338.129999969776,23,24,370.119666654584,47,484.35104166856,495.496458335159,24,23,489.92375000186,47,1031.74999997524,1044.77458332743,24,23,1038.26229165134,47,5,4,7,6,6.5
78,1,2,6,6,2,2,5,7,1,416.831875016214,8,638.03062500665,8,2071.24312497035,3,3,4,409.088333311956,285.314791675773,24,23,347.201562493865,47,597.725291669742,578.746249996281,20,23,588.235770833011,43,1466.7054166736,1404.86083333478,21,20,1435.78312500419,41,3,4,5,4,4.5
79,1,2,3,4,1,1,5,8,2,425.261874999927,8,676.426250000077,8,1315.23437499982,4,3,4,395.342708333525,378.07187500016,24,24,386.707291666842,48,493.359791666687,510.048541666568,24,23,501.704166666627,47,1318.50541666654,869.386249999934,17,16,1093.94583333324,33,6,4,8,6,7
80,2,1,3,4,4,2,4,8,1,408.051875001547,8,683.566625000698,6,1035.4637499986,6,2,0,387.378541667204,371.885000000475,22,23,379.631770833839,45,563.817291664236,568.692499999694,21,22,566.254895831965,43,808.334999997896,541.133541667781,9,13,674.734270832838,22,6,6,5,7,6
81,2,1,4,6,5,1,5,9,1,425.88749999996,8,542.099999999993,7,2211.43749999997,6,2,0,469.554166666645,509.466666666686,24,24,489.510416666666,48,525.829166666662,537.104166666675,22,24,531.466666666669,46,1527.22500000001,1019.16249999999,19,24,1273.19375,43,7,8,6,8,7
82,2,1,2,3,1,1,5,8,1,675.311874999352,8,541.831874998934,8,1972.68875000009,7,4,4,459.034999999555,349.870625001131,24,24,404.452812500343,48,598.342083332076,495.839791667701,23,22,547.090937499888,45,1259.09187499959,1568.53208333238,23,23,1413.81197916598,46,4,3,6,5,5.5
83,2,1,1,3,2,1,5,8,2,393.880000000536,8,571.263124999405,7,1453.42687500033,5,3,0,358.653750000334,358.681666666295,24,23,358.667708333314,47,544.023750000027,777.622291667159,24,20,660.823020833593,44,1199.54916666711,963.222083333373,19,17,1081.38562500024,36,7,4,9,4,6.5
84,2,1,1,4,1,2,5,6,2,486.193124990677,8,491.588750010124,8,1353.47499999625,8,4,4,351.035833329661,304.465833323775,24,24,327.750833326718,48,463.219583330404,474.807708310739,23,23,469.013645820572,46,828.286458335545,694.697291667884,24,21,761.491875001714,45,6,5,8,6,7
85,2,1,2,2,2,2,5,8,2,698.126874998729,7,674.043125001845,7,2467.53249999711,4,4,4,553.085208331443,419.532708332554,24,24,486.308958331999,48,653.260833335783,595.616875001118,21,24,624.438854168451,45,4969.7160416678,2970.81541666739,19,17,3970.2657291676,36,8,9,4,11,7.5
86,2,1,1,2,2,2,5,7,1,507.75,8,492.25,7,1544,6,3,4,437.125,304.291666666667,24,22,370.708333333333,46,422.708333333333,440.708333333333,15,21,431.708333333333,36,1130.58333333333,907.958333333333,24,23,1019.27083333333,47,5,3,7,5,6
87,2,1,1,2,1,2,5,7,1,287.57874997973,8,486.606875012512,8,943.440625007497,8,4,4,311.566249991301,288.011666658955,23,24,299.788958325128,47,389.507708328893,391.416666684866,23,23,390.462187506879,46,807.597708325678,929.66729166316,24,23,868.632499994419,47,5,6,6,8,7
88,2,1,2,3,2,1,5,6,1,483.25,8,837.000000000001,2,826.374999999999,3,4,4,295.416666666665,394.583333333333,23,23,344.999999999999,46,546.791666666667,747.708333333333,12,10,647.25,22,702.375,626.083333333334,14,10,664.229166666667,24,3,2,5,0,2.5
89,2,1,1,3,1,2,5,6,1,670.889375000002,8,731.419375000087,8,7588.19999999991,4,4,4,460.11145833332,386.171666666654,23,24,423.141562499987,47,588.592500000042,639.260416666806,23,23,613.926458333424,46,2645.12229166678,2658.25416666674,12,21,2651.68822916676,33,7,5,9,2,5.5
90,2,1,1,2,2,2,5,7,2,593.875,8,617.375,8,1568.25,8,4,4,468.041666666667,428.5,24,24,448.270833333333,48,611.958333333333,550.291666666667,24,23,581.125,47,1083.91666666667,932.875,24,24,1008.39583333333,48,7,7,7,9,8
91,2,1,3,5,2,1,5,3,2,584.670000000187,8,628.742500000499,8,1455.39687500013,7,4,4,369.038958333173,339.072499999778,24,24,354.055729166475,48,515.047916666845,535.998541666383,23,22,525.523229166614,45,1022.36520833336,756.943749999512,21,20,889.654479166438,41,5,4,7,5,6
92,2,1,5,2,2,3,5,7,1,324.301874999719,8,637.75312499979,6,1887.87500000035,6,4,4,330.498958333465,393.097708333092,24,24,361.798333333278,48,535.670708333404,422.920833333289,18,23,479.295770833346,41,1112.24770833345,758.306458333209,15,13,935.277083333328,28,3,1,4,0,2
93,2,1,4,6,2,2,5,5,1,540.290624987392,8,623.465000011493,8,1399.09374999115,7,4,4,397.573750002872,364.72208333483,24,23,381.147916668851,47,538.169166672257,531.121666666877,22,21,534.645416669567,43,713.338749999821,1117.83479166237,24,18,915.586770831093,42,5,5,7,7,7
94,2,1,3,4,2,1,5,9,2,478.670625005179,8,528.437500004657,8,1226.58062499613,6,3,4,384.412291667104,373.11729166322,24,24,378.764791665162,48,525.500833332141,528.293124999133,22,22,526.896979165637,44,1077.95354166835,796.298541662206,23,23,937.126041665276,46,7,6,8,7,7.5
95,2,1,2,3,2,3,5,10,2,500.496250000197,8,571.987500000091,8,1279.21562500023,3,4,4,363.580833333306,345.24062500001,24,24,354.410729166658,48,493.617708333356,514.016249999902,22,24,503.816979166629,46,785.912291666856,847.2614583333,24,24,816.586875000078,48,5,3,7,5,6
96,2,1,1,3,2,2,5,9,2,340.812500013271,8,465.734999990673,7,1615.07874997915,7,4,4,354.769375000615,320.631666666789,24,24,337.700520833702,48,554.994374993107,484.773333339642,21,22,519.883854166374,43,714.389791663659,677.636458334746,23,23,696.013124999202,46,5,6,6,8,7
97,2,1,3,5,2,1,5,8,1,397.125,8,466.375,8,1457.625,5,4,4,331.541666666667,297.208333333333,24,24,314.375,48,413.958333333333,389.125,23,23,401.541666666667,46,776.875,798.875,24,22,787.875,46,3,6,4,8,6
98,2,1,2,2,1,1,5,9,1,671.707499999911,8,524.45250000028,8,1539.24687500034,7,4,4,436.914999999772,352.92479166651,24,24,394.919895833141,48,483.229166666812,474.706458333079,23,21,478.967812499945,44,1037.21354166684,1037.14291666688,19,21,1037.17822916686,40,6,6,7,8,7.5
99,2,1,2,2,1,2,5,9,1,426.25,8,660.725,6,2872.125,4,4,4,368.75,339.333333333333,24,24,354.041666666667,48,579.166666666667,519.375,23,23,549.270833333333,46,1402.29166666667,1205.08333333333,21,21,1303.6875,42,3,3,4,5,4.5
100,2,1,2,2,2,1,5,7,2,445.688124993467,8,418.523749976885,7,1338.1650000083,8,3,4,357.945833340636,318.676041676857,24,24,338.310937508747,48,424.020624996047,460.646041673802,23,24,442.333333334924,47,701.868749994901,727.218124981543,24,22,714.543437488222,46,4,4,6,6,6
101,2,1,3,3,1,1,5,7,2,421.625000000002,8,1168.25,5,555.375000000001,7,3,0,436.749999999999,380.374999999999,24,24,408.562499999999,48,612.5,531.458333333334,23,22,571.979166666667,45,560.25,787.583333333331,15,11,673.916666666666,26,8,9,7,11,9
102,2,1,2,2,2,2,5,8,2,389.625,8,771.875,8,5496.375,7,4,4,479.416666666667,446.958333333333,24,24,463.1875,48,579.25,540.958333333333,24,24,560.104166666667,48,975.833333333333,972.625,24,23,974.229166666667,47,9,9,11,11,11
103,2,1,2,2,2,2,3,8,1,366.753750000271,8,781.569874999947,6,2211.15624999992,8,4,4,340.402500000285,343.823750000032,24,23,342.113125000158,47,490.417291666745,484.805000000127,18,20,487.611145833436,38,985.615416666254,839.835625000051,17,20,912.725520833152,37,5,6,3,8,5.5
104,2,1,2,2,2,2,5,7,2,490.753125006449,8,479.441875009798,7,1209.76875003544,7,4,4,356.458333345169,335.901875014921,24,24,346.180104180045,48,470.238333344848,437.385000012,24,23,453.811666678424,47,856.82812499969,908.57041667429,24,23,882.69927083699,47,5,6,6,7,6.5
105,2,1,4,6,3,2,5,9,1,331.875,8,463.5,8,1758.75,7,4,4,273.583333333333,244.416666666667,23,24,259,47,422.75,418.583333333333,22,21,420.666666666667,43,921.083333333333,1153.54166666667,24,19,1037.3125,43,7,6,9,8,8.5
106,2,1,1,4,1,1,3,4,1,589.466875000653,8,475.394374998359,7,1157.65937499782,2,4,4,445.919374998994,369.845000002291,23,24,407.882187500642,47,460.915416666467,513.38666666561,22,23,487.151041666039,45,878.785833333192,869.484374999956,23,23,874.135104166574,46,5,3,7,4,5.5
107,2,1,3,4,1,3,5,10,1,436.996875010664,8,457.478124968475,8,976.575624954421,8,3,2,395.201458314356,345.667916650806,23,24,370.434687482581,47,401.834791652315,408.193124952959,21,23,405.013958302637,44,664.030624951314,646.766875026515,23,22,655.398749988914,45,9,9,11,11,11
108,2,1,2,2,1,2,5,7,1,371.146250079619,8,507.078749971697,8,1517.76374998735,6,4,4,370.392083316498,332.291250029812,23,24,351.341666673155,47,468.047291661302,472.85020830653,22,24,470.448749983916,46,1257.80791668997,1190.10937500085,23,22,1223.95864584541,45,6,9,8,11,9.5
109,2,1,3,4,1,1,5,4,1,329.297499964014,8,702.71874993341,8,1654.88499993808,5,4,4,316.578958329046,309.207916647817,24,24,312.893437488431,48,519.656875015547,516.559791663894,24,23,518.108333339721,47,1009.72854168504,857.401458342793,23,24,933.565000013914,47,3,3,5,5,5
110,2,1,3,3,1,2,5,7,2,527.595624997048,8,487.858125008643,8,1448.00624999334,6,4,4,338.898124995467,326.400624990735,24,23,332.649374993101,47,463.358541661971,476.790624998102,23,23,470.074583330036,46,942.576041658564,734.148541669129,24,24,838.362291663846,48,4,4,6,6,6
111,2,1,3,3,1,1,5,8,1,390.12000002549,8,617.084375000559,8,1076.95374992909,6,3,3,336.915624987644,328.247916690695,24,24,332.58177083917,48,537.197708336559,511.293958338986,23,22,524.245833337773,45,927.285208318305,807.111458319317,17,21,867.198333318811,38,6,9,7,11,9
112,2,1,2,3,3,1,5,9,2,416.685624993988,8,522.156874998473,8,1042.5018750102,5,3,1,377.596249988225,352.016666676112,24,24,364.806458332168,48,414.919374986008,458.643749996554,18,23,436.781562491281,41,866.10083335836,935.1874999896,18,23,900.64416667398,41,4,4,5,6,5.5
113,2,1,2,2,2,2,5,1,2,374.517499998547,8,457.732499999111,6,971.391250002853,7,4,4,352.495833332796,329.22270833357,24,23,340.859270833183,47,461.484999998599,418.828541668214,21,24,440.156770833407,45,938.355208333936,848.60479166673,20,19,893.480000000333,39,5,6,6,8,7
114,2,1,1,2,1,2,4,8,2,401.552499999525,8,700.325374970244,6,1326.28500001738,7,3,0,424.756458320189,280.351875029737,24,21,352.554166674963,45,441.743541693237,474.879375018645,22,23,458.311458355941,45,1262.96312497774,895.261875004508,19,14,1079.11249999112,33,8,9,6,11,8.5
115,2,1,3,5,3,3,5,8,1,426.424375000806,8,476.266250000208,7,2277.04312500055,5,4,4,361.91104166619,375.544166666562,24,24,368.727604166376,48,529.880833332906,519.559583333224,24,24,524.720208333065,48,1994.36104166656,2610.4750000001,14,19,2302.41802083333,33,8,9,10,11,10.5
116,2,1,2,2,2,2,5,8,1,362.875000000002,8,621.25,4,803.874999999999,6,4,4,367.166666666667,341.125,24,23,354.145833333333,47,556.541666666667,568.958333333333,23,21,562.75,44,740.208333333334,771.875,14,16,756.041666666667,30,4,7,5,8,6.5
117,2,1,2,5,1,3,2,9,2,473,8,541.375,8,1559.125,8,4,4,411.625,333.208333333333,22,23,372.416666666667,45,442.041666666667,544.151666666667,21,21,493.096666666667,42,763.541666666667,727.666666666667,24,21,745.604166666667,45,6,6,6,7,6.5
118,2,1,2,2,1,1,5,7,1,473.978750000008,8,522.657499999998,7,1146.4675,8,3,4,378.163333333343,351.521666666667,24,24,364.842500000005,48,454.815208333338,384.962916666669,22,22,419.889062500003,44,940.563749999995,917.912083333332,24,23,929.237916666664,47,5,4,5,4,4.5
119,2,1,2,3,2,1,5,7,1,361.901249969378,8,458.60937499674,8,1276.00562493899,5,4,4,272.705416651055,280.535833337732,23,23,276.620624994393,46,449.795833294047,442.528958345065,22,21,446.162395819556,43,827.977500021613,945.119583309861,24,23,886.548541665737,47,5,5,6,0,3
120,2,1,1,2,1,1,5,8,1,337.926875001358,8,611.148749996573,8,1285.49750000093,8,4,4,452.972291664992,481.965624999551,24,24,467.468958332271,48,550.907708334004,495.975833333432,24,24,523.441770833718,48,1176.45437499838,1070.52458333358,23,23,1123.48947916598,46,8,7,8,8,8
121,2,2,3,3,1,1,5,6,1,449.988125015807,8,482.937500011758,8,1393.62562500901,8,4,4,406.810833337659,315.130833327809,24,23,360.970833332734,47,609.395208334414,639.762708335822,23,20,624.578958335118,43,936.287500003042,1222.56479166875,21,21,1079.4261458359,42,3,3,4,5,4.5
122,2,2,2,3,2,2,5,10,2,409.253124997122,8,462.919375000638,7,1357.92437500004,7,4,4,355.518749999646,339.180833332345,24,24,347.349791665996,48,433.779791666893,402.284791666413,23,24,418.032291666653,47,801.836666667138,784.26166666668,24,24,793.049166666909,48,5,6,7,7,7
123,2,2,1,2,2,2,4,6,2,519.536875000995,8,805.65150000166,6,1606.4231249984,8,4,4,447.798958333199,448.477708331969,24,24,448.138333332584,48,552.544875000048,494.601666667222,22,22,523.573270833635,44,973.906250001164,824.117291665971,24,24,899.011770833567,48,4,6,6,8,7
124,2,2,2,2,1,1,5,6,2,528.262499996345,8,519.79500001471,8,1520.58437500091,6,2,0,358.252916674246,309.782916660576,24,24,334.017916667411,48,509.545833347753,493.133749987464,21,22,501.339791667609,43,1053.45416667114,898.247083343449,20,22,975.850625007297,42,3,6,4,8,6
125,2,2,2,4,1,2,5,8,1,449.000000000066,8,562.749999999938,7,1554.87499999998,5,2,3,368.624999999875,369.041666666687,24,24,368.833333333281,48,564.333333333348,498.166666666744,23,22,531.250000000046,45,1520.25000000001,1163.04166666665,19,20,1341.64583333333,39,2,2,4,4,4
126,2,2,5,3,3,3,5,9,2,340.060624977923,8,487.00937499234,8,766.919374975259,7,4,4,322.303333329425,314.880208335429,24,24,318.591770832427,48,372.243749996414,374.737708339429,23,23,373.490729167922,46,768.123333327822,638.665208340778,23,24,703.3942708343,47,5,4,5,5,5
127,2,2,4,6,2,6,5,10,2,441.293749998295,8,562.827499998093,7,872.700625001016,7,4,4,454.941249998228,437.881041667424,24,23,446.411145832826,47,587.793541668361,605.587500003215,21,23,596.690520835788,44,920.306041665754,929.306458335001,16,9,924.806250000377,25,6,9,5,11,8
128,2,2,3,3,1,1,5,8,1,407.814374999987,8,505.011875000036,8,1896.92562500011,7,4,4,425.965,381.555833333378,24,24,403.760416666689,48,441.161458333341,401.596458333322,24,23,421.378958333331,47,1206.91104166667,1133.23604166662,24,23,1170.07354166664,47,7,9,7,11,9
129,2,2,2,2,1,1,5,9,1,340.752500000003,8,429.316875000001,8,1199.39749999999,7,4,4,305.768124999991,320.903750000012,24,23,313.335937500001,47,476.230208333343,437.337916666677,24,24,456.78406250001,48,862.021458333331,759.354375000011,22,24,810.687916666671,46,7,7,9,9,9
130,2,2,1,3,2,2,5,6,2,389.200625009835,8,479.493124999863,7,1473.56624999884,7,4,4,319.06395833236,299.750208333232,24,23,309.407083332796,47,553.278125000361,511.768333334961,20,21,532.523229167661,41,846.554166666465,702.11187500172,24,24,774.333020834092,48,7,5,8,7,7.5
131,2,2,3,4,3,2,5,6,2,483.490624996193,8,530.255624995334,8,2406.55999998853,2,4,4,378.321249991132,352.357083337362,24,24,365.339166664247,48,482.915208323296,474.317083329273,24,23,478.616145826284,47,1084.55333334374,758.586666665603,20,24,921.570000004673,44,4,4,6,6,6
132,2,2,2,3,1,1,5,7,2,353.75,8,621.875,8,1247.75,8,4,4,310.958333333333,265.708333333333,24,23,288.333333333333,47,441.916666666667,410.25,24,24,426.083333333333,48,787.25,739.666666666667,23,24,763.458333333333,47,4,3,4,5,4.5
133,2,2,2,6,6,1,5,10,1,322,8,496,5,1143.875,7,4,4,287,282.083333333333,24,22,284.541666666667,46,499.708333333333,475.833333333333,23,21,487.770833333333,44,855.75,712.5,23,24,784.125,47,6,3,6,5,5.5
134,2,2,2,3,2,2,2,8,2,686.770625000236,8,483.211875000052,8,936.253124999666,8,2,0,436.795833333349,375.289791666469,24,24,406.042812499909,48,494.484791666726,451.743125000045,23,22,473.113958333386,45,771.472083333303,742.130416666783,24,23,756.801250000043,47,5,4,7,6,6.5
135,2,2,2,2,1,2,5,7,3,569.186875014566,8,579.928125021979,8,1576.88125001732,3,1,0,361.850208336061,375.631874994724,24,22,368.741041665392,46,544.976041647412,555.01458334038,20,21,549.995312493896,41,826.580416658544,656.979375009541,18,14,741.779895834043,32,7,7,8,4,6
136,2,2,1,2,1,1,5,10,2,532.613125002172,8,461.314999998649,7,1286.44437500043,7,3,1,365.131041665033,349.733333333764,24,24,357.432187499398,48,450.315833333661,459.804791665495,21,21,455.060312499578,42,801.70916666854,875.700833332909,23,20,838.705000000725,43,5,6,7,7,7
137,2,2,2,3,1,2,5,9,1,569.443124986719,8,624.313749969588,8,2199.35062497098,8,4,4,465.589999992517,372.122083349192,24,24,418.856041670855,48,593.215833355013,577.386041681166,24,24,585.300937518089,48,1284.3770833327,926.108125010311,23,24,1105.24260417151,47,9,9,11,11,11
138,2,2,2,3,1,1,4,7,1,614.986249999674,8,769.153124999775,8,1135.37624999958,5,4,4,401.462916666787,395.178124999954,23,24,398.320520833371,47,674.314583333702,588.975208333371,24,24,631.644895833536,48,1239.37520833321,841.365833333081,12,12,1040.37052083315,24,8,9,6,11,8.5
139,2,2,1,1,1,1,1,6,2,417.095624999888,8,436.27062500002,7,787.225625000019,8,4,4,359.491874999852,338.362916666672,24,24,348.927395833262,48,400.638749999985,444.13916666675,24,23,422.388958333367,47,585.150833333349,658.150833333366,23,23,621.650833333357,46,8,7,9,8,8.5
140,2,2,1,3,1,1,5,8,2,639.875,8,575.75,7,783.375,7,4,4,436.333333333333,373.125,24,24,404.729166666667,48,585.291666666667,579.833333333333,22,24,582.5625,46,638.333333333333,542.125,18,18,590.229166666667,36,8,9,5,11,8
141,2,2,1,3,1,3,5,7,2,335.625,8,368.25,7,1670.875,8,4,4,319.75,297.791666666667,24,24,308.770833333333,48,477.791666666667,422.75,19,22,450.270833333333,41,1066.58333333333,944.833333333333,24,23,1005.70833333333,47,8,7,10,9,9.5
142,2,2,2,2,1,2,2,8,1,488.301250000063,8,558.571250000114,6,1143.41937499989,8,4,4,495.391666666516,441.753958333454,23,24,468.572812499985,47,494.793333333329,500.669791666721,23,22,497.731562500025,45,810.429791666669,835.095416666679,22,23,822.762604166674,45,4,4,6,6,6
143,2,2,1,2,1,1,5,7,2,860.3825,4,564.625,8,2199.625,8,4,4,376.25,311.875,24,23,344.0625,47,496.166666666667,508.25,22,22,502.208333333333,44,1063.54166666667,1048.79166666667,24,21,1056.16666666667,45,5,4,6,6,6
144,2,2,1,2,1,2,5,5,2,732.835,7,535.875,7,1157.375,8,4,4,435.125,358.291666666667,24,24,396.708333333333,48,472.791666666667,488.083333333333,19,19,480.4375,38,1422.5,1073.66666666667,21,19,1248.08333333333,40,5,4,6,0,3
145,2,2,1,2,2,2,5,7,2,359.999999956926,8,478.125000023283,5,1492.25000006845,2,4,4,340.041666699108,317.291666646876,24,24,328.666666672992,48,465.458333327357,447.541666624602,23,23,456.49999997598,46,1207.45833335483,1116.79166664059,21,23,1162.12499999771,44,4,4,6,6,6
146,2,2,3,4,3,2,5,10,1,341.625,8,575.125,5,1715.5,5,2,3,449.875,413.916666666667,24,24,431.895833333333,48,559.708333333333,546.166666666667,23,22,552.9375,45,1076,937.25,22,20,1006.625,42,7,7,4,8,6
147,2,2,1,3,3,1,4,8,2,455.590000012307,7,898.885000014178,5,1452.88625000103,8,4,4,431.13854166586,387.894000000888,24,23,409.516270833374,47,706.246124996994,596.833750008955,19,20,651.539937502974,39,1122.50958332879,987.442708336554,23,22,1054.97614583267,45,3,3,5,5,5
148,2,2,1,4,3,3,5,10,1,540.703749989916,7,454.188749994501,6,1174.4875000004,8,4,4,388.689166662516,331.247499996001,24,24,359.968333329258,48,437.309166666334,441.100416663782,22,19,439.204791665058,41,788.742916656095,668.591875000857,23,24,728.667395828476,47,8,8,9,7,8
149,2,2,3,6,2,4,5,10,1,505.611874999886,8,451.525624996066,8,2199.56187499702,6,4,4,511.736458331749,435.41354166761,24,24,473.574999999679,48,492.542499999521,524.603333332683,23,24,508.572916666102,47,1535.62333333381,1078.31645833297,21,23,1306.96989583339,44,8,8,5,10,7.5
150,2,2,2,2,1,1,4,10,2,307.686875003128,8,428.933750001306,8,957.453749999331,7,4,4,273.457291665788,272.8181249992,23,23,273.137708332494,46,402.251875000123,400.966458333642,21,22,401.609166666882,43,693.613958334026,650.153333333947,21,18,671.883645833987,39,3,3,5,5,5
151,2,2,3,5,2,2,5,8,2,572.236249987327,8,688.043124995602,6,6009.21750000998,4,4,4,557.882708332424,459.319583329489,24,24,508.601145830956,48,605.686041657464,609.026875002504,23,24,607.356458329984,47,2492.43375000272,1653.37041666256,20,22,2072.90208333264,42,9,7,11,4,7.5
152,2,2,2,2,2,2,5,7,2,430.021250023856,8,566.211249984917,8,1015.55750000989,7,3,4,325.286458333721,331.139791659856,24,23,328.213124996789,47,521.935208317397,529.277083342701,24,22,525.606145830049,46,964.574583340436,949.167291682291,24,24,956.870937511364,48,9,9,11,11,11
153,2,2,1,2,2,2,5,10,1,368.875,8,447.125,8,933.375000000001,6,4,4,343.375,284.583333333334,24,23,313.979166666667,47,400.708333333333,391.333333333334,22,23,396.020833333333,45,819.291666666667,936.124999999999,18,15,877.708333333333,33,4,3,4,5,4.5
154,2,2,2,2,1,2,4,10,2,751.917749999995,6,439.501249999993,7,813.131875000013,4,4,4,365.111666666669,359.474166666667,24,24,362.292916666668,48,483.815625000015,423.64500000002,23,24,453.730312500018,47,1255.97083333335,1062.14500000001,19,23,1159.05791666668,42,6,6,8,8,8
155,2,2,2,2,1,1,5,10,2,568.830000018352,8,472.009374992922,8,1964.72375001758,8,4,4,335.664166666296,373.965333333158,24,21,354.814749999727,45,447.043958338327,406.614374995115,24,23,426.829166666721,47,1064.61312499596,826.041041659967,24,22,945.327083327963,46,5,4,7,4,5.5
156,2,2,2,2,1,2,5,10,2,437.411250022706,8,491.613749967655,8,876.070624974091,7,4,4,362.231041702519,430.153333387959,24,24,396.192187545239,48,466.628125005324,491.342500046206,23,23,478.985312525765,46,848.723333348365,879.058125021402,24,20,863.890729184883,44,8,6,10,6,8
157,2,2,1,2,1,2,5,7,2,333.25,8,659.500000000001,8,1698.25,8,4,4,299.333333333334,309.166666666669,24,24,304.250000000001,48,496.708333333333,499.083333333332,24,24,497.895833333332,48,1090.04166666667,1026.54166666667,24,24,1058.29166666667,48,4,4,6,6,6
158,2,2,2,3,1,1,5,9,1,498.875,8,504.375,7,1458,6,4,4,454.083333333333,421.25,24,24,437.666666666667,48,523.375,517.208333333333,22,24,520.291666666667,46,1039,853.291666666667,19,24,946.145833333333,43,6,5,6,4,5
159,2,2,2,2,2,2,5,7,2,347.25,8,469.25,7,1167.75,2,4,4,352.916666666667,311.291666666667,24,24,332.104166666667,48,450.291666666667,436.625,21,23,443.458333333333,44,947.5,825.208333333333,21,20,886.354166666667,41,6,4,8,6,7
160,2,1,2,2,2,2,5,8,1,423.75,8,446.5,7,1793.25,5,3,0,380.541666666667,348.916666666667,24,24,364.729166666667,48,466.833333333333,473.25,22,23,470.041666666667,45,1359.58333333333,838.208333333333,22,23,1098.89583333333,45,8,8,6,6,6
161,2,1,2,2,2,1,5,7,1,556.583750003483,8,819.443750020582,7,1749.48875003611,6,4,4,490.356874972349,415.110625006491,24,24,452.73374998942,48,629.839375013641,565.084166659896,24,23,597.461770836768,47,1467.2910416848,1054.32520832983,24,23,1260.80812500732,47,8,6,10,8,9
162,2,1,1,2,1,2,5,7,2,525.447499998336,8,726.841250001598,8,2221.88187499523,8,4,4,379.527291665606,325.10583333351,24,24,352.316562499558,48,573.74895833406,586.103541667399,19,20,579.926250000729,39,1323.90229166655,1066.68520833227,20,23,1195.29374999941,43,5,5,7,5,6
163,2,1,1,2,1,2,2,8,1,563.510624997434,8,546.639999993204,8,1310.9212499985,8,4,4,339.335833334189,317.017291667677,24,24,328.176562500933,48,479.096249997383,442.886250006268,24,24,460.991250001825,48,863.877291665025,1074.23937499698,24,24,969.058333331001,48,5,5,7,6,6.5
164,2,1,1,2,1,1,3,8,2,398.448124999959,8,543.354374999808,7,1479.74875,8,4,4,352.85874999992,342.515833333664,24,22,347.687291666792,46,585.444375000179,547.176041666641,22,22,566.31020833341,44,912.795416666692,804.938125000187,23,21,858.866770833439,44,2,3,4,5,4.5
165,2,1,1,2,1,2,1,6,2,426.875,7,789.87,6,2823.75,6,4,4,482.375,465.291666666667,24,24,473.833333333333,48,649.416666666667,646.083333333333,24,23,647.75,47,2985.41666666667,951.416666666667,23,24,1968.41666666667,47,5,6,4,8,6
166,2,1,4,4,2,1,5,8,2,508.317499996338,8,761.594374998822,7,1489.06187498505,2,1,2,535.596500010057,429.26270832686,23,24,482.429604168458,47,594.023749988992,546.169375006381,22,22,570.096562497687,44,1189.33666666271,1081.74020833637,19,16,1135.53843749954,35,5,5,5,5,5
167,2,1,3,3,1,2,5,8,1,536.998125011451,8,470.949374997872,7,1511.69437500357,5,4,4,351.011458335658,296.053958338841,24,24,323.532708337249,48,402.854999995422,386.078958336536,21,21,394.466979165979,42,927.163958340922,840.889583317524,23,22,884.026770829223,45,4,5,5,4,4.5
168,2,1,2,2,1,1,5,7,2,371.133749999899,8,565.781249999985,8,988.688749999878,7,4,4,365.818333333323,329.070416666507,24,24,347.444374999915,48,523.402500000013,548.493125000164,23,22,535.947812500088,45,863.149999999981,831.89270833346,22,24,847.521354166721,46,4,4,3,7,5
169,2,1,1,2,2,2,5,3,2,600.207499999669,8,565.631874999781,8,1871.84625000032,6,3,3,421.15437500009,375.745416666632,24,24,398.449895833361,48,681.818750000104,539.123958333372,19,24,610.471354166738,43,1205.92416666659,708.254166666848,16,14,957.089166666719,30,4,2,3,4,3.5
170,2,1,1,1,1,1,5,9,1,665.778750000004,8,877.591250000003,8,1976.826875,6,4,4,575.780416666667,510.471458333328,24,24,543.125937499997,48,652.491875000005,572.006458333317,24,24,612.249166666661,48,1251.91958333333,1189.69729166666,24,22,1220.80843749999,46,5,4,7,6,6.5
171,2,1,1,2,1,2,5,8,2,586.623249992234,7,591.164999990724,8,1065.75687503209,5,2,2,329.543125010484,303.927291630923,24,24,316.735208320703,48,523.408958310029,515.606666662886,23,22,519.507812486457,45,1227.13437498896,902.990416672158,21,24,1065.06239583056,45,9,8,11,4,7.5
172,2,1,1,3,2,2,5,7,2,330.608124990249,8,538.911249968805,8,1277.85124999355,3,3,0,303.148958322709,271.888749979553,24,24,287.518854151131,48,449.718124994736,391.422083320019,21,19,420.570104157378,40,1047.96541666049,842.166458339004,17,21,945.065937499749,38,6,4,8,6,7
173,2,1,2,3,1,2,5,8,1,373.667499999101,8,405.390625000109,8,1807.23812499946,7,4,4,323.503333333671,351.985416667048,24,24,337.74437500036,48,494.671041666455,453.147499999735,22,23,473.909270833095,45,1428.49833333275,925.682500000524,22,23,1177.09041666664,45,7,6,9,7,8
174,2,2,2,2,1,2,5,6,1,460.375,8,525.5,8,1681.375,8,2,0,468.875,355.375,24,24,412.125,48,442.291666666667,424.625,23,23,433.458333333333,46,1111.29166666667,923.75,21,20,1017.52083333333,41,6,8,6,5,5.5
175,2,2,1,3,2,3,5,9,2,541.838125001959,8,661.040625000169,8,2327.83437500257,7,4,4,416.635416666395,405.105208332922,24,24,410.870312499659,48,532.745208331714,529.033541668468,23,22,530.889375000091,45,1143.9827083268,948.865416664679,24,21,1046.42406249574,45,7,9,6,11,8.5
176,2,2,1,2,1,2,5,8,1,627.488124999218,8,470.831875005388,7,1770.98937499977,8,4,4,478.074999996655,406.622916658913,24,24,442.348958327784,48,551.439583350051,584.215833325288,23,23,567.827708337669,46,1196.85458332727,1180.38854166419,23,23,1188.62156249573,46,5,7,6,8,7
177,2,2,5,6,2,3,3,6,2,322.234375005792,8,416.710624995176,8,1193.36124999609,8,4,4,257.738541666186,292.481458337231,23,23,275.110000001708,46,400.017083335115,428.426666669111,22,23,414.221875002113,45,746.391041662719,690.241875002054,23,23,718.316458332386,46,9,9,11,11,11
178,2,2,1,1,2,1,4,7,2,401.248750044033,8,523.149999964517,5,758.779374940787,3,3,0,363.947708295503,352.999583332955,24,23,358.473645814229,47,547.62520835114,431.488750017403,21,21,489.556979184272,42,599.981875003626,591.577916735938,17,13,595.779895869782,30,6,7,6,5,5.5
179,2,2,2,3,2,1,5,7,2,475.588124994829,8,615.394375003234,8,2092.81749999354,6,4,4,413.21354166818,357.069791666921,24,23,385.14166666755,47,575.275624999146,533.53291666887,23,22,554.404270834008,45,1196.63145833814,1205.92791666544,16,15,1201.27968750179,31,4,6,4,7,5.5
180,2,2,3,6,1,1,5,7,2,502.776875000109,8,574.881250000544,8,1308.81499999896,8,3,0,378.815416666688,329.683124999671,24,24,354.249270833179,48,610.237916666392,563.11541666643,24,20,586.676666666411,44,1028.04124999981,895.439583333124,24,20,961.740416666468,44,7,8,5,5,5
181,2,2,2,2,1,2,5,10,1,550.889999999754,8,596.496249999746,8,1628.58375000019,8,4,4,419.047291666554,352.677916666304,24,24,385.862604166429,48,490.051458333483,524.415833333251,24,24,507.233645833367,48,981.267499999982,847.962291666666,24,24,914.614895833324,48,6,6,6,6,6
182,2,2,1,2,1,2,4,8,2,492.346874991199,8,492.161874994054,7,3006.51312500122,6,3,0,329.477500010398,285.865416653299,23,23,307.671458331849,46,403.620208332238,475.751458361628,24,22,439.685833346933,46,1059.91333335017,715.862499991393,22,22,887.887916670782,44,5,3,6,4,5
183,2,2,1,2,2,2,5,9,1,626.282499928493,8,499.104374961462,8,1864.63250004454,7,4,4,469.321666692849,413.558541603076,24,24,441.440104147963,48,508.236458350439,521.94833336398,21,24,515.092395857209,45,956.16520838424,774.640208362447,24,24,865.402708373343,48,5,2,7,2,4.5
184,2,2,4,6,1,2,5,6,2,329.058750000286,8,507.223750000094,7,749.919375000218,5,4,4,264.067708333338,290.001250000008,23,19,277.034479166673,42,403.367083333175,437.558750000107,20,21,420.462916666641,41,1512.14583333331,1415.48124999993,8,14,1463.81354166662,22,6,9,6,11,8.5
185,2,2,1,1,1,1,5,7,2,454.157500062138,8,676.3993750792,7,1332.0825000992,6,4,4,327.299791679252,340.707708208356,24,23,334.003749943804,47,524.607291697369,497.545625024941,22,22,511.076458361155,44,800.52458337741,784.645625021464,23,22,792.585104199437,45,5,6,6,8,7
186,2,2,2,3,2,2,5,7,1,601.448124998569,8,564.561875005893,8,2561.4862500006,7,4,4,494.251041668273,371.594791664393,24,24,432.922916666333,48,566.400625000824,499.439583330968,22,24,532.920104165896,46,1293.93187500318,1341.19875000154,23,23,1317.56531250236,46,6,5,6,6,6
187,2,2,1,2,2,3,4,8,2,478.371249977499,8,745.624999981374,8,1296.35499988217,5,3,2,563.65937499019,392.113541679767,24,24,477.886458334979,48,639.511374870695,524.006041814573,16,22,581.758708342634,38,888.310624946219,908.206249858874,11,14,898.258437402546,25,8,8,4,0,2
